[{"_Cliente__id": 3, "_Cliente__nome": "admin", "_Cliente__email": "admin", "_Cliente__fone": "0000", "_Cliente__senha": "admin"}, {"_Cliente__id": 4, "_Cliente__nome": "vi", "_Cliente__email": "vitoriapinheiro775@gmail.com", "_Cliente__fone": "", "_Cliente__senha": ""}, {"_Cliente__id": 5, "_Cliente__nome": "vi", "_Cliente__email": "vitoriapinheiro774@gmail.com", "_Cliente__fone": "", "_Cliente__senha": ""}, {"_Cliente__id": 6, "_Cliente__nome": "vi", "_Cliente__email": "vitoriapinheiro773@gmail.com", "_Cliente__fone": "84994800315", "_Cliente__senha": "12345"}, {"_Cliente__id": 7, "_Cliente__nome": "admin3", "_Cliente__email": "admin", "_Cliente__fone": "admin2", "_Cliente__senha": "vivi"}, {"_Cliente__id": 8, "_Cliente__nome": "vit", "_Cliente__email": "vitoriaa@gmail.com", "_Cliente__fone": "845852", "_Cliente__senha": "vi"}]